date,amount,type,description,client,document_number,category
2026-01-20,180000,доход,Кофе-брейк,ООО Вектор,001,услуги
2026-02-25,120000,доход,Кофе-брейк,ООО Вектор,002,услуги
2026-03-30,100000,доход,Кофе-брейк,ООО Вектор,003,услуги
2026-04-20,250000,доход,Кофе-брейк,ООО Вектор,004,услуги
2026-05-28,200000,доход,Кофе-брейк,ООО Вектор,005,услуги
2026-06-25,150000,доход,Кофе-брейк,ООО Вектор,006,услуги
2026-07-22,300000,доход,Кофе-брейк,ООО Вектор,007,услуги
2026-08-27,250000,доход,Кофе-брейк,ООО Вектор,008,услуги
2026-09-24,150000,доход,Кофе-брейк,ООО Вектор,009,услуги
2026-09-10,0,счёт выставлен,Фуршет 40 чел.,ООО Вектор,010,не оплачен
